category,link,price,time,title
Motherboard,https://www.fullh4rd.com.ar/prod/8056/mother-msi-a68hm-e33-fm2,4316.00,2020-11-3 2:12,Mother msi a68hm-e33 fm2+
Equipos,https://www.fullh4rd.com.ar/prod/12102/pc-gamer-amd-athlon-3000g-16gb-1tb-kit,33860.00,2020-11-3 2:12,Pc gamer amd athlon 3000g - 16gb - 1tb - kit
Motherboard,https://www.fullh4rd.com.ar/prod/12647/mother-gigabyte-x570-aorus-pro-wifi,39780.00,2020-11-3 2:12,Mother gigabyte x570 aorus pro wifi
Motherboard,https://www.fullh4rd.com.ar/prod/16706/mother-msi-b550-gaming-edge-wifi-am4-3ra-generacion,25442.00,2020-11-3 2:12,Mother msi b550 gaming edge wifi am4 3ra generacion
Motherboard,https://www.fullh4rd.com.ar/prod/17438/mother-msi-b550-gaming-carbon-wifi-solo-ryzen-3ra-gen,29751.00,2020-11-3 2:12,Mother msi b550 gaming carbon wifi (solo ryzen 3ra gen)
Equipos,https://www.fullh4rd.com.ar/prod/17018/pc-gamer-amd-ryzen-3-3200g-b450-16gb-1tb-240gb-ssd,54100.00,2020-11-3 2:12,Pc gamer amd ryzen 3 3200g - b450 - 16gb - 1tb + 240gb ssd
Equipos,https://www.fullh4rd.com.ar/prod/17020/pc-gamer-amd-ryzen-3-3200g-b450-16gb-1tb-240gb-ssd,56280.00,2020-11-3 2:12,Pc gamer amd ryzen 3 3200g - b450 - 16gb - 1tb + 240gb ssd
Equipos,https://www.fullh4rd.com.ar/prod/17019/pc-gamer-amd-ryzen-3-3200g-b450-16gb-1tb-480gb-ssd,56690.00,2020-11-3 2:12,Pc gamer amd ryzen 3 3200g - b450 - 16gb - 1tb + 480gb ssd
Equipos,https://www.fullh4rd.com.ar/prod/16162/pc-gamer-amd-ryzen-5-2600-16gb-1tb-240gb-ssd-5500-xt-8gb,104860.00,2020-11-3 2:12,Pc gamer amd ryzen 5 2600+16gb+1tb+240gb ssd+5500 xt 8gb
Equipos,https://www.fullh4rd.com.ar/prod/16311/pc-gamer-amd-ryzen-7-3700x-a520-16gb-240gb-ssd-1tb-5600-xt,153140.00,2020-11-3 2:12,Pc gamer amd ryzen 7 3700x+a520+16gb+240gb ssd+1tb+5600 xt
Equipos,https://www.fullh4rd.com.ar/prod/16315/pc-gamer-amd-ryzen-7-3700x-b450-32gb-1tb-240gb-ssd-5600-xt,159176.00,2020-11-3 2:12,Pc gamer amd ryzen 7 3700x+b450+32gb+1tb+240gb ssd+5600 xt
Equipos,https://www.fullh4rd.com.ar/prod/16312/pc-gamer-amd-ryzen-7-3700x-a520-16gb-240gb-ssd-1tb-rtx-2060,159540.00,2020-11-3 2:12,Pc gamer amd ryzen 7 3700x+a520+16gb+240gb ssd+1tb+rtx 2060
Equipos,https://www.fullh4rd.com.ar/prod/11092/pc-gamer-amd-ryzen-7-3700x-b550-16gb-240gb-ssd-1tb-5700-xt,189680.00,2020-11-3 2:12,Pc gamer amd ryzen 7 3700x+b550+16gb+240gb ssd+1tb+5700 xt
Equipos,https://www.fullh4rd.com.ar/prod/17120/pc-amd-ryzen-3900x-x570-32gb-240gb-ssd-1tb-5600-xt,195910.00,2020-11-3 2:12,Pc amd ryzen 3900x+x570+32gb+240gb ssd+1tb+5600 xt
Equipos,https://www.fullh4rd.com.ar/prod/11076/pc-gamer-amd-ryzen-7-3700x-x570-32gb-240gb-ssd-1tb-5700-xt,196190.00,2020-11-3 2:12,Pc gamer amd ryzen 7 3700x+x570+32gb+240gb ssd+1tb+5700 xt
Equipos,https://www.fullh4rd.com.ar/prod/17119/pc-amd-ryzen-3900x-x570-32gb-240gb-ssd-1tb-5700-xt,214480.00,2020-11-3 2:12,Pc amd ryzen 3900x+x570+32gb+240gb ssd+1tb+5700 xt
Motherboard,https://www.fullh4rd.com.ar/prod/17128/mother-asus-b550m-a-prime-dual-m2-aura,15590.00,2020-11-3 2:12,Mother asus b550m-a prime dual m.2 aura
Motherboard,https://www.fullh4rd.com.ar/prod/17163/mother-asus-prime-b550m-a-csm,16145.00,2020-11-3 2:12,Mother asus prime b550m-a csm
Motherboard,https://www.fullh4rd.com.ar/prod/13136/mother-msi-x570-a-pro,22690.00,2020-11-3 2:12,Mother msi x570-a pro
Motherboard,https://www.fullh4rd.com.ar/prod/14551/mother-gigabyte-xtr4-amd-aorus-master,71760.00,2020-11-3 2:12,Mother gigabyte (xtr4) amd aorus master
Motherboard,https://www.fullh4rd.com.ar/prod/16652/mother-asus-trx40-e-rog-strix-gaming-xtr4,93333.00,2020-11-3 2:12,Mother asus trx40-e rog strix gaming (xtr4)
Motherboard,https://www.fullh4rd.com.ar/prod/16650/mother-asus-zenith-ii-extreme-alpha-rog-tr4,110010.00,2020-11-3 2:13,Mother asus zenith ii extreme alpha rog (tr4)
Motherboard,https://www.fullh4rd.com.ar/prod/14553/mother-gigabyte-xtr4-amd-trx40-aorus-xtreme,117960.00,2020-11-3 2:13,Mother gigabyte (xtr4) amd trx40-aorus xtreme
Combos,https://www.fullh4rd.com.ar/prod/15698/combo-amd-ryzen-9-3950x-x570-water-240mm,145850.00,2020-11-3 2:13,Combo amd ryzen 9 3950x + x570 + water 240mm
Microprocesador,https://www.fullh4rd.com.ar/prod/13273/micro-amd-athlon-3000g-vega-3,7090.00,2020-11-3 2:13,Micro amd athlon 3000g vega 3
Motherboard,https://www.fullh4rd.com.ar/prod/15859/mother-gigabyte-b450m-ds3h-wifi,12990.00,2020-11-3 2:13,Mother gigabyte b450m ds3h wifi
Equipos,https://www.fullh4rd.com.ar/prod/12111/pc-gamer-amd-ryzen-5-2600-a320-16gb-1tb-rx-570-8gb,70710.00,2020-11-3 2:13,Pc gamer amd ryzen 5 2600+a320+16gb+1tb+rx 570 8gb
Motherboard,https://www.fullh4rd.com.ar/prod/15207/mother-gigabyte-b450-aorus-pro-wifi-am4,17500.00,2020-11-3 2:13,Mother gigabyte b450 aorus pro wifi am4
Equipos,https://www.fullh4rd.com.ar/prod/12113/pc-gamer-amd-ryzen-5-2600-a320-16gb-480gb-ssd-5500-xt-8gb,90880.00,2020-11-3 2:13,Pc gamer amd ryzen 5 2600 +a320+16gb+480gb ssd+5500 xt 8gb
Equipos,https://www.fullh4rd.com.ar/prod/12114/pc-gamer-amd-ryzen-5-2600-a320-16gb-1tb-240gb-ssd-1660-super,93230.00,2020-11-3 2:13,Pc gamer amd ryzen 5 2600+a320+16gb+1tb+240gb ssd+1660 super
Motherboard,https://www.fullh4rd.com.ar/prod/15490/mother-msi-b450m-pro-m2-max-sam4,10151.00,2020-11-3 2:13,Mother msi b450m pro-m2 max sam4
Motherboard,https://www.fullh4rd.com.ar/prod/17571/mother-asrock-b450m-steel-legends,11999.00,2020-11-3 2:13,Mother asrock b450m steel legends
Motherboard,https://www.fullh4rd.com.ar/prod/12645/mother-gigabyte-b450-aorus-m,12390.00,2020-11-3 2:13,Mother gigabyte b450 aorus m
Motherboard,https://www.fullh4rd.com.ar/prod/11921/mother-msi-b450-gaming-plus-max,14439.00,2020-11-3 2:13,Mother msi b450 gaming plus max
Motherboard,https://www.fullh4rd.com.ar/prod/17349/mother-gigabyte-b550m-ds3h,15760.00,2020-11-3 2:13,Mother gigabyte b550m ds3h
Motherboard,https://www.fullh4rd.com.ar/prod/12445/mother-gigabyte-x570-gaming-x,24099.00,2020-11-3 2:13,Mother gigabyte x570 gaming x
Microprocesador,https://www.fullh4rd.com.ar/prod/12425/micro-amd-ryzen-5-3600,26990.00,2020-11-3 2:13,Micro amd ryzen 5 3600
Combos,https://www.fullh4rd.com.ar/prod/12187/combo-amd-ryzen-5-2600-b450-8gb-msi,36790.00,2020-11-3 2:13,Combo amd ryzen 5 2600 + b450 + 8gb msi
Motherboard,https://www.fullh4rd.com.ar/prod/13034/mother-gigabyte-x570-aorus-ultra,39890.00,2020-11-3 2:13,Mother gigabyte x570 aorus ultra
Equipos,https://www.fullh4rd.com.ar/prod/16163/pc-gamer-amd-ryzen-5-2600-a320-16gb-1tb-240gb-ssd-1650-super,78870.00,2020-11-3 2:13,Pc gamer amd ryzen 5 2600+a320+16gb+1tb+240gb ssd+1650 super
Equipos,https://www.fullh4rd.com.ar/prod/11124/pc-gamer-amd-ryzen-5-2600-a320-16gb-1tb-1660-super,96090.00,2020-11-3 2:13,Pc gamer amd ryzen 5 2600+a320+16gb+1tb+1660 super
Motherboard,https://www.fullh4rd.com.ar/prod/11292/mother-asrock-fm2a68m-dg3,5025.00,2020-11-3 2:13,Mother asrock fm2a68m-dg3+
Combos,https://www.fullh4rd.com.ar/prod/15690/combo-amd-ryzen-3-3200g-b450-2x8gb-3200,33730.00,2020-11-3 2:13,Combo amd ryzen 3 3200g - b450 - 2x8gb 3200
Combos,https://www.fullh4rd.com.ar/prod/12492/combo-amd-ryzen-7-3800x-b450,59630.00,2020-11-3 2:13,Combo amd ryzen 7 3800x + b450
Notebooks,https://www.fullh4rd.com.ar/prod/16965/notebook-hp-amd-245g7-r3-3250u-14-4gb-1tb-free-dos,103569.00,2020-11-3 2:13,Notebook hp amd 245g7 r3-3250u 14 4gb 1tb free dos
Motherboard,https://www.fullh4rd.com.ar/prod/16725/mother-asus-b550m-plus-tuf-gaming,18426.00,2020-11-3 2:13,Mother asus b550m-plus tuf gaming
Microprocesador,https://www.fullh4rd.com.ar/prod/17546/micro-amd-ryzen-3-2200g-pro,12102.00,2020-11-3 2:13,Micro amd ryzen 3 2200g pro
Equipos,https://www.fullh4rd.com.ar/prod/11050/pc-gamer-amd-ryzen-3-2200g-a320-8gb-120gb-ssd-kit,34910.00,2020-11-3 2:13,Pc gamer amd ryzen 3 2200g - a320 - 8gb - 120gb ssd - kit
Equipos,https://www.fullh4rd.com.ar/prod/16050/pc-gamer-amd-ryzen-3-2200g-a320-8gb-240gb-ssd-kit,35860.00,2020-11-3 2:13,Pc gamer amd ryzen 3 2200g - a320 - 8gb - 240gb ssd - kit
Equipos,https://www.fullh4rd.com.ar/prod/16049/pc-gamer-amd-ryzen-3-2200g-pro-a320-8gb-1tb-kit,36890.00,2020-11-3 2:13,Pc gamer amd ryzen 3 2200g pro - a320 - 8gb - 1tb - kit
Equipos,https://www.fullh4rd.com.ar/prod/11049/pc-gamer-amd-ryzen-3-2200g-pro-a320-8gb-3200mhz-1tb,39640.00,2020-11-3 2:13,Pc gamer amd ryzen 3 2200g pro - a320 - 8gb 3200mhz - 1tb
Equipos,https://www.fullh4rd.com.ar/prod/10843/pc-gamer-amd-ryzen-3-2200g-a320-8gb-1tb-240gb-ssd,40470.00,2020-11-3 2:13,Pc gamer amd ryzen 3 2200g - a320 - 8gb - 1tb + 240gb ssd
Equipos,https://www.fullh4rd.com.ar/prod/10841/pc-gamer-amd-ryzen-3-2200g-pro-a320-16gb-1tb-kit,40798.00,2020-11-3 2:13,Pc gamer amd ryzen 3 2200g pro - a320 - 16gb - 1tb - kit
Equipos,https://www.fullh4rd.com.ar/prod/17086/pc-gamer-amd-ryzen-3-2200g-pro-a320-8gb2x4-240-ssd-1tb,42060.00,2020-11-3 2:13,Pc gamer amd ryzen 3 2200g pro-a320-8gb(2x4)-240 ssd-1tb
Equipos,https://www.fullh4rd.com.ar/prod/12118/pc-gamer-amd-ryzen-3-2200g-a320-8gb-1tb-480gb-ssd,44280.00,2020-11-3 2:13,Pc gamer amd ryzen 3 2200g - a320 - 8gb - 1tb + 480gb ssd
Equipos,https://www.fullh4rd.com.ar/prod/12119/pc-gamer-amd-ryzen-3-2200g-pro-a320-8gb-960gb-ssd,44400.00,2020-11-3 2:13,Pc gamer amd ryzen 3 2200g pro - a320 - 8gb - 960gb ssd
Equipos,https://www.fullh4rd.com.ar/prod/16170/pc-gamer-amd-ryzen-5-3600-b450-16gb-240gb-ssd-1tb-1660-super,111770.00,2020-11-3 2:13,Pc gamer amd ryzen 5 3600+b450+16gb+240gb ssd+1tb+1660 super
Equipos,https://www.fullh4rd.com.ar/prod/16309/pc-gamer-amd-ryzen-7-3700x-a520-16gb-240gb-ssd-1tb-rtx-2070,167340.00,2020-11-3 2:13,Pc gamer amd ryzen 7 3700x+a520+16gb+240gb ssd+1tb+rtx 2070
Motherboard,https://www.fullh4rd.com.ar/prod/11871/mother-gigabyte-b450m-ds3h,9748.00,2020-11-3 2:13,Mother gigabyte b450m ds3h
Microprocesador,https://www.fullh4rd.com.ar/prod/17557/micro-amd-ryzen-5-2400g-pro,15690.00,2020-11-3 2:13,Micro amd ryzen 5 2400g pro
Combos,https://www.fullh4rd.com.ar/prod/12487/combo-amd-ryzen-5-3600-b450,37130.00,2020-11-3 2:13,Combo amd ryzen 5 3600 - b450
Combos,https://www.fullh4rd.com.ar/prod/12486/combo-amd-ryzen-5-3600-b450-8gb,40890.00,2020-11-3 2:13,Combo amd ryzen 5 3600 - b450 - 8gb
Combos,https://www.fullh4rd.com.ar/prod/15692/combo-amd-ryzen-5-3600-x570,52550.00,2020-11-3 2:13,Combo amd ryzen 5 3600 + x570
Equipos,https://www.fullh4rd.com.ar/prod/17075/pc-gamer-amd-ryzen-5-3600-b450-16gb-1tb-5500-xt-4gb,112260.00,2020-11-3 2:13,Pc gamer amd ryzen 5 3600+b450+16gb+1tb+5500 xt 4gb
Equipos,https://www.fullh4rd.com.ar/prod/16171/pc-gamer-amd-ryzen-5-3600-b450-16gb-240gb-ssd-1tb-1650-super,113510.00,2020-11-3 2:13,Pc gamer amd ryzen 5 3600+b450+16gb+240gb ssd+1tb+1650 super
Equipos,https://www.fullh4rd.com.ar/prod/16169/pc-gamer-amd-ryzen-5-3600-b450-16gb-240gb-ssd-1tb-5500xt8gb,116350.00,2020-11-3 2:13,Pc gamer amd ryzen 5 3600+b450+16gb+240gb ssd+1tb+5500xt8gb
Motherboard,https://www.fullh4rd.com.ar/prod/15491/mother-msi-b450m-pro-vdh-max-sam4,10390.00,2020-11-3 2:13,Mother msi b450m pro-vdh max sam4
Motherboard,https://www.fullh4rd.com.ar/prod/11428/mother-asus-b450-plus-tuf-gaming,13090.00,2020-11-3 2:13,Mother asus b450 plus tuf gaming
Motherboard,https://www.fullh4rd.com.ar/prod/17348/mother-gigabyte-a520m-ds3h,11010.00,2020-11-3 2:13,Mother gigabyte a520m ds3h
Motherboard,https://www.fullh4rd.com.ar/prod/15489/mother-msi-b450-tomahawk,14990.00,2020-11-3 2:14,Mother msi b450 tomahawk
Motherboard,https://www.fullh4rd.com.ar/prod/17130/mother-asus-b550-plus-tuf-gaming-usb-32-m2-pcie4,21272.00,2020-11-3 2:14,Mother asus b550-plus tuf gaming usb 3.2 m.2 pcie4
Equipos,https://www.fullh4rd.com.ar/prod/11525/pc-amd-apu-a6-7480-8gb-ddr3-1tb-hdd,25760.00,2020-11-3 2:14,Pc amd apu a6 7480 - 8gb ddr3 - 1tb hdd
Motherboard,https://www.fullh4rd.com.ar/prod/12465/mother-gigabyte-x570-aorus-elite,33730.00,2020-11-3 2:14,Mother gigabyte x570 aorus elite
Motherboard,https://www.fullh4rd.com.ar/prod/14552/mother-gigabyte-xtr4-amd-aorus-pro-wifi,56140.00,2020-11-3 2:14,Mother gigabyte (xtr4) amd aorus pro wifi
Motherboard,https://www.fullh4rd.com.ar/prod/14502/mother-asus-trx40-pro-prime-xtr4,59580.00,2020-11-3 2:14,Mother asus trx40-pro prime (xtr4)
Equipos,https://www.fullh4rd.com.ar/prod/12112/pc-gamer-amd-ryzen-5-2600-a320-8gb-1tb-rx-5500-xt-4gb,89850.00,2020-11-3 2:14,Pc gamer amd ryzen 5 2600+a320+8gb+1tb+rx 5500 xt 4gb
Motherboard,https://www.fullh4rd.com.ar/prod/12412/mother-asus-b450m-a-csm,10177.00,2020-11-3 2:14,Mother asus b450m-a/csm
Motherboard,https://www.fullh4rd.com.ar/prod/12427/mother-gigabyte-b450-gaming-x,12290.00,2020-11-3 2:14,Mother gigabyte b450 gaming x
Motherboard,https://www.fullh4rd.com.ar/prod/16899/mother-gigabyte-b450m-aorus-elite,12390.00,2020-11-3 2:14,Mother gigabyte b450m aorus elite
Combos,https://www.fullh4rd.com.ar/prod/11058/combo-amd-ryzen-5-2600-b450,31685.00,2020-11-3 2:14,Combo amd ryzen 5 2600 + b450
Combos,https://www.fullh4rd.com.ar/prod/11060/combo-amd-ryzen-5-2600-b450-8gb,31770.00,2020-11-3 2:14,Combo amd ryzen 5 2600 + b450 + 8gb
Combos,https://www.fullh4rd.com.ar/prod/15699/combo-amd-ryzen-5-2600-b450-16gb,35530.00,2020-11-3 2:14,Combo amd ryzen 5 2600 + b450 + 16gb
Combos,https://www.fullh4rd.com.ar/prod/12488/combo-amd-ryzen-5-3600x-b450,42470.00,2020-11-3 2:14,Combo amd ryzen 5 3600x - b450
Combos,https://www.fullh4rd.com.ar/prod/12489/combo-amd-ryzen-5-3600x-b450-8gb,46230.00,2020-11-3 2:14,Combo amd ryzen 5 3600x - b450- 8gb
Equipos,https://www.fullh4rd.com.ar/prod/17024/pc-gamer-amd-ryzen-5-3400g-b450-8gb-1tb-240gb-ssd,51980.00,2020-11-3 2:14,Pc gamer amd ryzen 5 3400g+b450+8gb+1tb+240gb ssd
Combos,https://www.fullh4rd.com.ar/prod/12490/combo-amd-ryzen-7-3700x-b450,53750.00,2020-11-3 2:14,Combo amd ryzen 7 3700x + b450
Microprocesador,https://www.fullh4rd.com.ar/prod/13238/micro-amd-ryzen-9-3950x,89789.00,2020-11-3 2:14,Micro amd ryzen 9 3950x
Motherboard,https://www.fullh4rd.com.ar/prod/17127/mother-asus-a520m-a-prime-m2,10193.00,2020-11-3 2:14,Mother asus a520m-a prime m.2
Motherboard,https://www.fullh4rd.com.ar/prod/16025/mother-gigabyte-b450m-gaming-am4,9819.00,2020-11-3 2:14,Mother gigabyte b450m gaming am4
Motherboard,https://www.fullh4rd.com.ar/prod/16996/mother-gigabyte-b550-aorus-master-10-sam4,44255.00,2020-11-3 2:14,Mother gigabyte b550 aorus master 1.0 sam4
Motherboard,https://www.fullh4rd.com.ar/prod/16950/mother-gigabyte-b550-aorus-pro-am4,29121.00,2020-11-3 2:14,Mother gigabyte b550 aorus pro am4
Motherboard,https://www.fullh4rd.com.ar/prod/13240/mother-asus-x570-e-rog-strix,38025.00,2020-11-3 2:14,Mother asus x570-e rog strix
Equipos,https://www.fullh4rd.com.ar/prod/11064/pc-completa-amd-a6-7480-4gb-1tb-monitor-22,43380.00,2020-11-3 2:14,Pc completa amd a6 7480 4gb 1tb + monitor 22
Equipos,https://www.fullh4rd.com.ar/prod/16310/pc-gamer-amd-ryzen-7-3700x-32gb-240gb-ssd-1tb-rtx-2070,207180.00,2020-11-3 2:14,Pc gamer amd ryzen 7 3700x+32gb+240gb ssd+1tb+rtx 2070
Motherboard,https://www.fullh4rd.com.ar/prod/17537/mother-asus-prime-b550-plus,17740.00,2020-11-3 2:14,Mother asus prime b550-plus
Motherboard,https://www.fullh4rd.com.ar/prod/16792/mother-asus-b550-e-am4-gaming-rog,35905.00,2020-11-3 2:14,Mother asus b550-e am4 gaming rog
Motherboard,https://www.fullh4rd.com.ar/prod/12514/mother-asus-x570-p-prime,18800.00,2020-11-3 2:14,Mother asus x570-p prime
Motherboard,https://www.fullh4rd.com.ar/prod/17436/mother-gigabyte-b550-vision-dsolo-ryzen-3ra-gen,39508.00,2020-11-3 2:14,Mother gigabyte b550 vision d(solo ryzen 3ra gen)
Combos,https://www.fullh4rd.com.ar/prod/15702/combo-amd-ryzen-7-3700x-x570,62650.00,2020-11-3 2:14,Combo amd ryzen 7 3700x + x570
Combos,https://www.fullh4rd.com.ar/prod/15703/combo-amd-ryzen-7-3800x-x570,68270.00,2020-11-3 2:14,Combo amd ryzen 7 3800x + x570
Combos,https://www.fullh4rd.com.ar/prod/15697/combo-amd-ryzen-9-3900x-x570,80930.00,2020-11-3 2:14,Combo amd ryzen 9 3900x + x570
Motherboard,https://www.fullh4rd.com.ar/prod/11158/mother-asus-b450m-tuf-plus-gaming,11490.00,2020-11-3 2:14,Mother asus b450m-tuf plus gaming
Equipos,https://www.fullh4rd.com.ar/prod/16172/pc-gamer-amd-ryzen-5-3400g-a320-8gb-240-ssd-kit,44970.00,2020-11-3 2:14,Pc gamer amd ryzen 5 3400g + a320 + 8gb + 240 ssd + kit
Motherboard,https://www.fullh4rd.com.ar/prod/13241/mother-asus-crosshair-viii-hero-wifi-rog-x570,47977.00,2020-11-3 2:14,Mother asus crosshair viii hero wifi rog x570
Motherboard,https://www.fullh4rd.com.ar/prod/11895/mother-gigabyte-b450-aorus-elite,13299.00,2020-11-3 2:14,Mother gigabyte b450 aorus elite
Motherboard,https://www.fullh4rd.com.ar/prod/13033/mother-gigabyte-x570-aorus-elite-wifi,32569.00,2020-11-3 2:14,Mother gigabyte x570 aorus elite wifi
Equipos,https://www.fullh4rd.com.ar/prod/11516/pc-completa-amd-a6-7480-4gb-1tb-monitor-19,39740.00,2020-11-3 2:14,Pc completa amd a6 7480 4gb + 1tb+ monitor 19
Equipos,https://www.fullh4rd.com.ar/prod/11063/pc-gamer-completa-amd-athlon-3000g-8gb-1tb-monitor-19,45130.00,2020-11-3 2:14,Pc gamer completa amd athlon 3000g 8gb 1tb + monitor 19
Combos,https://www.fullh4rd.com.ar/prod/12165/combo-amd-athlon-3000g-a320,12680.00,2020-11-3 2:14,Combo amd athlon 3000g - a320
Combos,https://www.fullh4rd.com.ar/prod/12000/combo-amd-athlon-3000g-a320,12700.00,2020-11-3 2:14,Combo amd athlon 3000g - a320
Combos,https://www.fullh4rd.com.ar/prod/12166/combo-amd-athlon-3000g-a320-4gb,14560.00,2020-11-3 2:14,Combo amd athlon 3000g - a320 - 4gb
Combos,https://www.fullh4rd.com.ar/prod/11401/combo-amd-athlon-3000g-a320-4gb-asus,14790.00,2020-11-3 2:14,Combo amd athlon 3000g - a320 - 4gb - asus
Combos,https://www.fullh4rd.com.ar/prod/12001/combo-amd-athlon-3000g-a320-8gb-2x4gb,16460.00,2020-11-3 2:14,Combo amd athlon 3000g - a320 - 8gb (2x4gb )
Combos,https://www.fullh4rd.com.ar/prod/12167/combo-amd-athlon-3000g-a320-8gb,16650.00,2020-11-3 2:14,Combo amd athlon 3000g - a320 - 8gb
Combos,https://www.fullh4rd.com.ar/prod/11402/combo-amd-athlon-3000g-a320-8gb-asus,16670.00,2020-11-3 2:14,Combo amd athlon 3000g - a320 - 8gb - asus
Equipos,https://www.fullh4rd.com.ar/prod/12103/pc-gamer-amd-athlon-3000g-4gb-120gb-kit,25600.00,2020-11-3 2:14,Pc gamer amd athlon 3000g - 4gb - 120gb - kit
Equipos,https://www.fullh4rd.com.ar/prod/12104/pc-gamer-amd-athlon-3000g-4gb-240gb-kit,26550.00,2020-11-3 2:14,Pc gamer amd athlon 3000g - 4gb - 240gb - kit
Equipos,https://www.fullh4rd.com.ar/prod/11398/pc-gamer-amd-athlon-3000g-4gb-1tb-kit,27800.00,2020-11-3 2:15,Pc gamer amd athlon 3000g - 4gb - 1tb - kit
Equipos,https://www.fullh4rd.com.ar/prod/11399/pc-gamer-amd-athlon-3000g-8gb-1tb-kit,29890.00,2020-11-3 2:15,Pc gamer amd athlon 3000g - 8gb - 1tb - kit
Microprocesador,https://www.fullh4rd.com.ar/prod/12423/micro-amd-ryzen-3-3200g-3gen,13069.00,2020-11-3 2:15,Micro amd ryzen 3 3200g 3gen
Equipos,https://www.fullh4rd.com.ar/prod/17021/pc-gamer-amd-ryzen-3-3200g-b450-8gb-1tb-kit,45310.00,2020-11-3 2:15,Pc gamer amd ryzen 3 3200g - b450 - 8gb - 1tb - kit
Motherboard,https://www.fullh4rd.com.ar/prod/16951/mother-msi-b550m-pro-vdh-wifi-am4,17073.00,2020-11-3 2:15,Mother msi b550m pro-vdh wifi am4
Motherboard,https://www.fullh4rd.com.ar/prod/16707/mother-msi-b550-tomahawk-am4-3-generacion,23979.00,2020-11-3 2:15,Mother msi b550 tomahawk am4 3 generacion
Motherboard,https://www.fullh4rd.com.ar/prod/17149/mother-gigabyte-b550-aorus-elite-10,25945.00,2020-11-3 2:15,Mother gigabyte b550 aorus elite 1.0
Motherboard,https://www.fullh4rd.com.ar/prod/12027/mother-gigabyte-ga-a320m-h,6990.00,2020-11-3 2:15,Mother gigabyte ga-a320m-h
Microprocesador,https://www.fullh4rd.com.ar/prod/12418/micro-amd-ryzen-5-3400g-3gen-c-video,20099.00,2020-11-3 2:15,Micro amd ryzen 5 3400g 3gen c/video
Motherboard,https://www.fullh4rd.com.ar/prod/12581/mother-gigabyte-h370m-ds3h,11310.00,2020-11-3 2:15,Mother gigabyte h370m-ds3h
Refrigeracion,https://www.fullh4rd.com.ar/prod/15306/cpu-cooler-nisuta-nscoa1v4-universal-intel-amd,2738.00,2020-11-3 2:15,Cpu cooler nisuta nscoa1v4 universal intel amd
Combos,https://www.fullh4rd.com.ar/prod/15695/combo-amd-ryzen-5-3600x-x570-16gb-3000,65160.00,2020-11-3 2:15,Combo amd ryzen 5 3600x + x570 + 16gb 3000
Combos,https://www.fullh4rd.com.ar/prod/15694/combo-amd-ryzen-5-3600x-x570,65160.00,2020-11-3 2:15,Combo amd ryzen 5 3600x + x570
Combos,https://www.fullh4rd.com.ar/prod/15693/combo-amd-ryzen-5-3600-x570-16gb-3000,65160.00,2020-11-3 2:15,Combo amd ryzen 5 3600 + x570 + 16gb 3000
Equipos,https://www.fullh4rd.com.ar/prod/11541/pc-gamer-amd-ryzen-5-2600-a320-8gb-1tb-1650-super,89390.00,2020-11-3 2:15,Pc gamer amd ryzen 5 2600+a320+8gb+1tb+1650 super
Motherboard,https://www.fullh4rd.com.ar/prod/16957/mother-asus-b550m-a-prime-wi-fi,17366.00,2020-11-3 2:15,Mother asus b550m-a prime (wi-fi)
Microprocesador,https://www.fullh4rd.com.ar/prod/12622/micro-amd-ryzen-9-3900x,58980.00,2020-11-3 2:15,Micro amd ryzen 9 3900x
Microprocesador,https://www.fullh4rd.com.ar/prod/11972/micro-amd-a6-7480-38-ghz,4199.00,2020-11-3 2:15,Micro amd a6 7480 3.8 ghz
Microprocesador,https://www.fullh4rd.com.ar/prod/10055/micro-amd-apu-a8-9600-bristol-ridge,6380.00,2020-11-3 2:15,Micro amd apu a8 9600 bristol ridge
Combos,https://www.fullh4rd.com.ar/prod/10680/combo-amd-a6-7480-a68-msi,8900.00,2020-11-3 2:15,Combo amd a6 7480 - a68 - msi
Combos,https://www.fullh4rd.com.ar/prod/12160/combo-amd-a6-7480-a68,8900.00,2020-11-3 2:15,Combo amd a6 7480 - a68
Motherboard,https://www.fullh4rd.com.ar/prod/11430/mother-asus-b450m-a-prime-am4,9290.00,2020-11-3 2:15,Mother asus b450m-a prime am4
Combos,https://www.fullh4rd.com.ar/prod/10681/combo-amd-a6-7480-a68-4gb-msi,11350.00,2020-11-3 2:15,Combo amd a6 7480 - a68 - 4gb - msi
Combos,https://www.fullh4rd.com.ar/prod/12162/combo-amd-a6-7480-a68-4gb-c-disipador,11600.00,2020-11-3 2:15,Combo amd a6 7480 - a68 - 4gb c/disipador
Combos,https://www.fullh4rd.com.ar/prod/12164/combo-amd-a6-7480-a68-8gb,13580.00,2020-11-3 2:15,Combo amd a6 7480 - a68 - 8gb
Combos,https://www.fullh4rd.com.ar/prod/11999/combo-amd-a8-9600-a320m,13950.00,2020-11-3 2:15,Combo amd a8 9600 - a320m
Combos,https://www.fullh4rd.com.ar/prod/10682/combo-amd-a6-7480-a68-8gb-c-disipador,14705.00,2020-11-3 2:15,Combo amd a6 7480 - a68 - 8gb - c/disipador
Combos,https://www.fullh4rd.com.ar/prod/10477/combo-amd-a8-9600-a320m-4gb-asus,16190.00,2020-11-3 2:15,Combo amd a8 9600 - a320m - 4gb asus
Combos,https://www.fullh4rd.com.ar/prod/12174/combo-amd-a8-9600-a320m-4gb,16190.00,2020-11-3 2:15,Combo amd a8 9600 - a320m - 4gb
Equipos,https://www.fullh4rd.com.ar/prod/10078/pc-amd-apu-a6-7480-4gb-120gb-ssd-kit,22490.00,2020-11-3 2:15,Pc amd apu a6 7480 - 4gb - 120gb ssd - kit
Equipos,https://www.fullh4rd.com.ar/prod/10089/pc-amd-apu-a6-7480-4gb-ddr3-1tb-hdd,24500.00,2020-11-3 2:15,Pc amd apu a6 7480 - 4gb ddr3 - 1tb hdd
Equipos,https://www.fullh4rd.com.ar/prod/12100/pc-gamer-amd-apu-a8-9600-4gb-ssd-120gb-a320-kit,26930.00,2020-11-3 2:15,Pc gamer amd apu a8 9600 - 4gb - ssd 120gb - a320 - kit
Equipos,https://www.fullh4rd.com.ar/prod/12101/pc-gamer-amd-apu-a8-9600-8gb-ssd-240gb-a320-kit,29810.00,2020-11-3 2:15,Pc gamer amd apu a8 9600 - 8gb - ssd 240gb - a320 - kit
Equipos,https://www.fullh4rd.com.ar/prod/11241/pc-gamer-amd-apu-a8-9600-4gb-1tb-a320m-kit,29040.00,2020-11-3 2:15,Pc gamer amd apu a8 9600 - 4gb - 1tb - a320m - kit
Equipos,https://www.fullh4rd.com.ar/prod/11240/pc-gamer-amd-apu-a8-9600-8gb-1tb-a320m-kit,31130.00,2020-11-3 2:15,Pc gamer amd apu a8 9600 - 8gb - 1tb - a320m - kit
Motherboard,https://www.fullh4rd.com.ar/prod/16958/mother-asus-b550-f-gaming-rog-strix-wi-fi,24390.00,2020-11-3 2:15,Mother asus b550-f gaming rog strix (wi-fi)
Motherboard,https://www.fullh4rd.com.ar/prod/17065/mother-msi-b550m-bazooka-am4,15990.00,2020-11-3 2:15,Mother msi b550m bazooka am4
Combos,https://www.fullh4rd.com.ar/prod/12481/combo-amd-ryzen-5-3400g-a320,28870.00,2020-11-3 2:15,Combo amd ryzen 5 3400g - a320
Combos,https://www.fullh4rd.com.ar/prod/12482/combo-amd-ryzen-5-3400g-a320-4gb,30960.00,2020-11-3 2:15,Combo amd ryzen 5 3400g - a320 - 4gb
Combos,https://www.fullh4rd.com.ar/prod/12483/combo-amd-ryzen-5-3400g-a320-8gb,32800.00,2020-11-3 2:15,Combo amd ryzen 5 3400g - a320 - 8gb
Equipos,https://www.fullh4rd.com.ar/prod/12478/pc-gamer-amd-ryzen-5-3400g-a320-8gb-1tb-kit,45850.00,2020-11-3 2:15,Pc gamer amd ryzen 5 3400g + a320 + 8gb + 1tb + kit
Equipos,https://www.fullh4rd.com.ar/prod/12477/pc-gamer-amd-ryzen-5-3400g-a320-8gb-1tb-kit,46060.00,2020-11-3 2:15,Pc gamer amd ryzen 5 3400g + a320 + 8gb + 1tb + kit
Equipos,https://www.fullh4rd.com.ar/prod/12329/pc-gamer-amd-apu-a10-9700-8gb-ddr4-240gb-ssd,32370.00,2020-11-3 2:15,Pc gamer amd apu a10 9700 - 8gb ddr4 - 240gb ssd
Equipos,https://www.fullh4rd.com.ar/prod/10086/pc-gamer-amd-apu-a10-9700-8gb-ddr4-1tb-hdd,33610.00,2020-11-3 2:15,Pc gamer amd apu a10 9700 - 8gb ddr4 - 1tb hdd
Motherboard,https://www.fullh4rd.com.ar/prod/17129/mother-asus-b550m-plus-tuf-gaming-dual-m2-wifi,21240.00,2020-11-3 2:15,Mother asus b550m-plus tuf gaming dual m.2 (wifi)
Motherboard,https://www.fullh4rd.com.ar/prod/12525/mother-asus-x570-plus-tuf-gaming-wifi,23690.00,2020-11-3 2:15,Mother asus x570-plus tuf gaming (wifi)
Microprocesador,https://www.fullh4rd.com.ar/prod/16617/micro-amd-ryzen-9-3900xt,58301.00,2020-11-3 2:15,Micro amd ryzen 9 3900xt
Microprocesador,https://www.fullh4rd.com.ar/prod/10241/micro-amd-apu-a6-9500-bristol-ridge,4690.00,2020-11-3 2:15,Micro amd apu a6 9500 bristol ridge
Motherboard,https://www.fullh4rd.com.ar/prod/12450/mother-asus-b450-f-rog-strix,16890.00,2020-11-3 2:15,Mother asus b450-f rog strix
Microprocesador,https://www.fullh4rd.com.ar/prod/12449/micro-amd-ryzen-7-3700x,38990.00,2020-11-3 2:16,Micro amd ryzen 7 3700x
Combos,https://www.fullh4rd.com.ar/prod/16788/combo-amd-gigabyte-e1-6010n-4gb,7390.00,2020-11-3 2:16,Combo amd gigabyte e1 6010n + 4gb
Motherboard,https://www.fullh4rd.com.ar/prod/16913/mother-gigabyte-a520m-h-am4,9260.00,2020-11-3 2:16,Mother gigabyte a520m-h am4
Microprocesador,https://www.fullh4rd.com.ar/prod/16852/micro-amd-ryzen-7-3800xt,45999.00,2020-11-3 2:16,Micro amd ryzen 7 3800xt
Microprocesador,https://www.fullh4rd.com.ar/prod/12424/micro-amd-ryzen-5-3600x,29450.00,2020-11-3 2:16,Micro amd ryzen 5 3600x
Microprocesador,https://www.fullh4rd.com.ar/prod/12448/micro-amd-ryzen-7-3800x,43569.00,2020-11-3 2:16,Micro amd ryzen 7 3800x
Motherboard,https://www.fullh4rd.com.ar/prod/9637/mother-asus-a320m-k-am4,6920.00,2020-11-3 2:16,Mother asus a320m-k am4
Combos,https://www.fullh4rd.com.ar/prod/12157/combo-amd-a10-9700-a320m,16420.00,2020-11-3 2:16,Combo amd a10 9700 - a320m
Combos,https://www.fullh4rd.com.ar/prod/11066/combo-amd-a10-9700-a320m-asus,16420.00,2020-11-3 2:16,Combo amd a10 9700 - a320m - asus
Combos,https://www.fullh4rd.com.ar/prod/10478/combo-amd-a10-9700-a320m-4gb-asus,18510.00,2020-11-3 2:16,Combo amd a10 9700 - a320m - 4gb - asus
Combos,https://www.fullh4rd.com.ar/prod/12158/combo-amd-a10-9700-a320m-4gb,18510.00,2020-11-3 2:16,Combo amd a10 9700 - a320m - 4gb
Combos,https://www.fullh4rd.com.ar/prod/11057/combo-amd-ryzen-5-2600-a320,25120.00,2020-11-3 2:16,Combo amd ryzen 5 2600 + a320
Combos,https://www.fullh4rd.com.ar/prod/11059/combo-amd-ryzen-5-2600-a320-8gb,28880.00,2020-11-3 2:16,Combo amd ryzen 5 2600 + a320 + 8gb
Equipos,https://www.fullh4rd.com.ar/prod/10934/pc-gamer-amd-apu-a10-9700-4gb-ddr4-1tb-hdd,31520.00,2020-11-3 2:16,Pc gamer amd apu a10 9700 - 4gb ddr4 - 1tb hdd
Combos,https://www.fullh4rd.com.ar/prod/10632/combo-amd-ryzen-5-2600-a320-16gb,32990.00,2020-11-3 2:16,Combo amd ryzen 5 2600 + a320 + 16gb
Equipos,https://www.fullh4rd.com.ar/prod/11419/pc-gamer-amd-apu-a10-9700-4gbx2-ddr4-1tb-hdd,33400.00,2020-11-3 2:16,Pc gamer amd apu a10 9700 - 4gbx2 ddr4 - 1tb hdd
Motherboard,https://www.fullh4rd.com.ar/prod/14647/mother-msi-a320m-a-pro-max,7090.00,2020-11-3 2:16,Mother msi a320m-a pro max
Motherboard,https://www.fullh4rd.com.ar/prod/16659/mother-gigabyte-con-micro-amd-e1-6010n,4999.00,2020-11-3 2:16,Mother gigabyte con micro amd e1 6010n
Combos,https://www.fullh4rd.com.ar/prod/16789/combo-amd-gigabyte-e1-6010n-8gb,8810.00,2020-11-3 2:16,Combo amd gigabyte e1 6010n + 8gb
Motherboard,https://www.fullh4rd.com.ar/prod/17249/mother-asus-am4-prime-b550m-k,13900.00,2020-11-3 2:16,Mother asus (am4) prime b550m-k
Microprocesador,https://www.fullh4rd.com.ar/prod/16595/micro-amd-ryzen-5-3600xt,28980.00,2020-11-3 2:16,Micro amd ryzen 5 3600xt
Microprocesador,https://www.fullh4rd.com.ar/prod/16443/micro-amd-ryzen-3-3100,12399.00,2020-11-3 2:16,Micro amd ryzen 3 3100
Microprocesador,https://www.fullh4rd.com.ar/prod/17064/micro-amd-ryzen-5-3500x,18459.00,2020-11-3 2:16,Micro amd ryzen 5 3500x
Microprocesador,https://www.fullh4rd.com.ar/prod/10053/micro-amd-apu-a10-9700-bristol-ridge,9999.00,2020-11-3 2:16,Micro amd apu a10 9700 bristol ridge
Microprocesador,https://www.fullh4rd.com.ar/prod/10556/micro-amd-ryzen-5-2600-pinnacle-ridge,17690.00,2020-11-3 2:16,Micro amd ryzen 5 2600 pinnacle ridge
Motherboard,https://www.fullh4rd.com.ar/prod/17083/mother-asus-a520m-k-am4,10989.00,2020-11-3 2:16,Mother asus a520m-k am4
Motherboard,https://www.fullh4rd.com.ar/prod/10508/mother-gigabyte-ga-a320m-s2h-am4-a320,7390.00,2020-11-3 2:16,Mother gigabyte ga-a320m-s2h am4 a320
